Phone number,Name,Email
15600000000,Name0,name0@example.com
15600000001,Name1,name1@example.com
15600000002,Name2,name2@example.com
15600000003,Name3,name3@example.com
15600000004,Name4,name4@example.com
15600000005,Name5,name5@example.com
15600000006,Name6,name6@example.com
15600000007,Name7,name7@example.com
15600000008,Name8,name8@example.com
15600000009,Name9,name9@example.com
15600000010,Name10,name10@example.com
15600000011,Name11,name11@example.com
15600000012,Name12,name12@example.com
15600000013,Name13,name13@example.com
15600000014,Name14,name14@example.com
15600000015,Name15,name15@example.com
15600000016,Name16,name16@example.com
15600000017,Name17,name17@example.com
15600000018,Name18,name18@example.com
15600000019,Name19,name19@example.com
15600000020,Name20,name20@example.com
15600000021,Name21,name21@example.com
15600000022,Name22,name22@example.com
15600000023,Name23,name23@example.com
15600000024,Name24,name24@example.com
15600000025,Name25,name25@example.com
15600000026,Name26,name26@example.com
15600000027,Name27,name27@example.com
15600000028,Name28,name28@example.com
15600000029,Name29,name29@example.com
15600000030,Name30,name30@example.com
15600000031,Name31,name31@example.com
15600000032,Name32,name32@example.com
15600000033,Name33,name33@example.com
15600000034,Name34,name34@example.com
15600000035,Name35,name35@example.com
15600000036,Name36,name36@example.com
15600000037,Name37,name37@example.com
15600000038,Name38,name38@example.com
15600000039,Name39,name39@example.com
15600000040,Name40,name40@example.com
15600000041,Name41,name41@example.com
15600000042,Name42,name42@example.com
15600000043,Name43,name43@example.com
15600000044,Name44,name44@example.com
15600000045,Name45,name45@example.com
15600000046,Name46,name46@example.com
15600000047,Name47,name47@example.com
15600000048,Name48,name48@example.com
15600000049,Name49,name49@example.com
15600000050,Name50,name50@example.com
15600000051,Name51,name51@example.com
15600000052,Name52,name52@example.com
15600000053,Name53,name53@example.com
15600000054,Name54,name54@example.com
15600000055,Name55,name55@example.com
15600000056,Name56,name56@example.com
15600000057,Name57,name57@example.com
15600000058,Name58,name58@example.com
15600000059,Name59,name59@example.com
15600000060,Name60,name60@example.com
15600000061,Name61,name61@example.com
15600000062,Name62,name62@example.com
15600000063,Name63,name63@example.com
15600000064,Name64,name64@example.com
15600000065,Name65,name65@example.com
15600000066,Name66,name66@example.com
15600000067,Name67,name67@example.com
15600000068,Name68,name68@example.com
15600000069,Name69,name69@example.com
15600000070,Name70,name70@example.com
15600000071,Name71,name71@example.com
15600000072,Name72,name72@example.com
15600000073,Name73,name73@example.com
15600000074,Name74,name74@example.com
15600000075,Name75,name75@example.com
15600000076,Name76,name76@example.com
15600000077,Name77,name77@example.com
15600000078,Name78,name78@example.com
15600000079,Name79,name79@example.com
15600000080,Name80,name80@example.com
15600000081,Name81,name81@example.com
15600000082,Name82,name82@example.com
15600000083,Name83,name83@example.com
15600000084,Name84,name84@example.com
15600000085,Name85,name85@example.com
15600000086,Name86,name86@example.com
15600000087,Name87,name87@example.com
15600000088,Name88,name88@example.com
15600000089,Name89,name89@example.com
15600000090,Name90,name90@example.com
15600000091,Name91,name91@example.com
15600000092,Name92,name92@example.com
15600000093,Name93,name93@example.com
15600000094,Name94,name94@example.com
15600000095,Name95,name95@example.com
15600000096,Name96,name96@example.com
15600000097,Name97,name97@example.com
15600000098,Name98,name98@example.com
15600000099,Name99,name99@example.com
15600000100,Name100,name100@example.com
15600000101,Name101,name101@example.com
15600000102,Name102,name102@example.com
15600000103,Name103,name103@example.com
15600000104,Name104,name104@example.com
15600000105,Name105,name105@example.com
15600000106,Name106,name106@example.com
15600000107,Name107,name107@example.com
15600000108,Name108,name108@example.com
15600000109,Name109,name109@example.com
15600000110,Name110,name110@example.com
15600000111,Name111,name111@example.com
15600000112,Name112,name112@example.com
15600000113,Name113,name113@example.com
15600000114,Name114,name114@example.com
15600000115,Name115,name115@example.com
15600000116,Name116,name116@example.com
15600000117,Name117,name117@example.com
15600000118,Name118,name118@example.com
15600000119,Name119,name119@example.com
15600000120,Name120,name120@example.com
15600000121,Name121,name121@example.com
15600000122,Name122,name122@example.com
15600000123,Name123,name123@example.com
15600000124,Name124,name124@example.com
15600000125,Name125,name125@example.com
15600000126,Name126,name126@example.com
15600000127,Name127,name127@example.com
15600000128,Name128,name128@example.com
15600000129,Name129,name129@example.com
15600000130,Name130,name130@example.com
15600000131,Name131,name131@example.com
15600000132,Name132,name132@example.com
15600000133,Name133,name133@example.com
15600000134,Name134,name134@example.com
15600000135,Name135,name135@example.com
15600000136,Name136,name136@example.com
15600000137,Name137,name137@example.com
15600000138,Name138,name138@example.com
15600000139,Name139,name139@example.com
15600000140,Name140,name140@example.com
15600000141,Name141,name141@example.com
15600000142,Name142,name142@example.com
15600000143,Name143,name143@example.com
15600000144,Name144,name144@example.com
15600000145,Name145,name145@example.com
15600000146,Name146,name146@example.com
15600000147,Name147,name147@example.com
15600000148,Name148,name148@example.com
15600000149,Name149,name149@example.com
15600000150,Name150,name150@example.com
15600000151,Name151,name151@example.com
15600000152,Name152,name152@example.com
15600000153,Name153,name153@example.com
15600000154,Name154,name154@example.com
15600000155,Name155,name155@example.com
15600000156,Name156,name156@example.com
15600000157,Name157,name157@example.com
15600000158,Name158,name158@example.com
15600000159,Name159,name159@example.com
15600000160,Name160,name160@example.com
15600000161,Name161,name161@example.com
15600000162,Name162,name162@example.com
15600000163,Name163,name163@example.com
15600000164,Name164,name164@example.com
15600000165,Name165,name165@example.com
15600000166,Name166,name166@example.com
15600000167,Name167,name167@example.com
15600000168,Name168,name168@example.com
15600000169,Name169,name169@example.com
15600000170,Name170,name170@example.com
15600000171,Name171,name171@example.com
15600000172,Name172,name172@example.com
15600000173,Name173,name173@example.com
15600000174,Name174,name174@example.com
15600000175,Name175,name175@example.com
15600000176,Name176,name176@example.com
15600000177,Name177,name177@example.com
15600000178,Name178,name178@example.com
15600000179,Name179,name179@example.com
15600000180,Name180,name180@example.com
15600000181,Name181,name181@example.com
15600000182,Name182,name182@example.com
15600000183,Name183,name183@example.com
15600000184,Name184,name184@example.com
15600000185,Name185,name185@example.com
15600000186,Name186,name186@example.com
15600000187,Name187,name187@example.com
15600000188,Name188,name188@example.com
15600000189,Name189,name189@example.com
15600000190,Name190,name190@example.com
15600000191,Name191,name191@example.com
15600000192,Name192,name192@example.com
15600000193,Name193,name193@example.com
15600000194,Name194,name194@example.com
15600000195,Name195,name195@example.com
15600000196,Name196,name196@example.com
15600000197,Name197,name197@example.com
15600000198,Name198,name198@example.com
15600000199,Name199,name199@example.com
